val,par,clf
0.9487919674967356,"{'clf': LogisticRegression(max_iter=300), 'clf__C': 0.1, 'clf__tol': 0.0001}",LogisticRegression(max_iter=300)
0.9487919674967356,"{'clf': LogisticRegression(max_iter=300), 'clf__C': 0.1, 'clf__tol': 0.001}",LogisticRegression(max_iter=300)
0.9487919674967356,"{'clf': LogisticRegression(max_iter=300), 'clf__C': 0.1, 'clf__tol': 0.01}",LogisticRegression(max_iter=300)
0.9509473318807079,"{'clf': LogisticRegression(max_iter=300), 'clf__C': 0.5, 'clf__tol': 0.0001}",LogisticRegression(max_iter=300)
0.9509473318807079,"{'clf': LogisticRegression(max_iter=300), 'clf__C': 0.5, 'clf__tol': 0.001}",LogisticRegression(max_iter=300)
0.9509473318807079,"{'clf': LogisticRegression(max_iter=300), 'clf__C': 0.5, 'clf__tol': 0.01}",LogisticRegression(max_iter=300)
0.9513392454005482,"{'clf': LogisticRegression(max_iter=300), 'clf__C': 0.75, 'clf__tol': 0.0001}",LogisticRegression(max_iter=300)
0.9513392454005482,"{'clf': LogisticRegression(max_iter=300), 'clf__C': 0.75, 'clf__tol': 0.001}",LogisticRegression(max_iter=300)
0.9513392454005482,"{'clf': LogisticRegression(max_iter=300), 'clf__C': 0.75, 'clf__tol': 0.01}",LogisticRegression(max_iter=300)
0.9516005296124496,"{'clf': LogisticRegression(max_iter=300), 'clf__C': 1, 'clf__tol': 0.0001}",LogisticRegression(max_iter=300)
0.9516005296124496,"{'clf': LogisticRegression(max_iter=300), 'clf__C': 1, 'clf__tol': 0.001}",LogisticRegression(max_iter=300)
0.9516005296124496,"{'clf': LogisticRegression(max_iter=300), 'clf__C': 1, 'clf__tol': 0.01}",LogisticRegression(max_iter=300)
0.9515352213574862,"{'clf': LogisticRegression(max_iter=300), 'clf__C': 1.25, 'clf__tol': 0.0001}",LogisticRegression(max_iter=300)
0.9515352213574862,"{'clf': LogisticRegression(max_iter=300), 'clf__C': 1.25, 'clf__tol': 0.001}",LogisticRegression(max_iter=300)
0.9515352213574862,"{'clf': LogisticRegression(max_iter=300), 'clf__C': 1.25, 'clf__tol': 0.01}",LogisticRegression(max_iter=300)
0.9099280014563114,"{'clf': SGDClassifier(max_iter=300), 'clf__alpha': 0.1, 'clf__l1_ratio': 0.1, 'clf__penalty': 'l2', 'clf__tol': 0.0001}",SGDClassifier(max_iter=300)
0.909274906108665,"{'clf': SGDClassifier(max_iter=300), 'clf__alpha': 0.1, 'clf__l1_ratio': 0.1, 'clf__penalty': 'l2', 'clf__tol': 0.001}",SGDClassifier(max_iter=300)
0.9090136090987517,"{'clf': SGDClassifier(max_iter=300), 'clf__alpha': 0.1, 'clf__l1_ratio': 0.1, 'clf__penalty': 'l2', 'clf__tol': 0.01}",SGDClassifier(max_iter=300)
0.8020904938210175,"{'clf': SGDClassifier(max_iter=300), 'clf__alpha': 0.1, 'clf__l1_ratio': 0.1, 'clf__penalty': 'l1', 'clf__tol': 0.0001}",SGDClassifier(max_iter=300)
0.8128027625686204,"{'clf': SGDClassifier(max_iter=300), 'clf__alpha': 0.1, 'clf__l1_ratio': 0.1, 'clf__penalty': 'l1', 'clf__tol': 0.001}",SGDClassifier(max_iter=300)
0.8031356178706114,"{'clf': SGDClassifier(max_iter=300), 'clf__alpha': 0.1, 'clf__l1_ratio': 0.1, 'clf__penalty': 'l1', 'clf__tol': 0.01}",SGDClassifier(max_iter=300)
0.9062048934068944,"{'clf': SGDClassifier(max_iter=300), 'clf__alpha': 0.1, 'clf__l1_ratio': 0.1, 'clf__penalty': 'elasticnet', 'clf__tol': 0.0001}",SGDClassifier(max_iter=300)
0.9058783393340651,"{'clf': SGDClassifier(max_iter=300), 'clf__alpha': 0.1, 'clf__l1_ratio': 0.1, 'clf__penalty': 'elasticnet', 'clf__tol': 0.001}",SGDClassifier(max_iter=300)
0.9062049190029181,"{'clf': SGDClassifier(max_iter=300), 'clf__alpha': 0.1, 'clf__l1_ratio': 0.1, 'clf__penalty': 'elasticnet', 'clf__tol': 0.01}",SGDClassifier(max_iter=300)
0.9096014601814942,"{'clf': SGDClassifier(max_iter=300), 'clf__alpha': 0.1, 'clf__l1_ratio': 0.5, 'clf__penalty': 'l2', 'clf__tol': 0.0001}",SGDClassifier(max_iter=300)
0.9094054586285324,"{'clf': SGDClassifier(max_iter=300), 'clf__alpha': 0.1, 'clf__l1_ratio': 0.5, 'clf__penalty': 'l2', 'clf__tol': 0.001}",SGDClassifier(max_iter=300)
0.9094708436715674,"{'clf': SGDClassifier(max_iter=300), 'clf__alpha': 0.1, 'clf__l1_ratio': 0.5, 'clf__penalty': 'l2', 'clf__tol': 0.01}",SGDClassifier(max_iter=300)
0.8011091806589891,"{'clf': SGDClassifier(max_iter=300), 'clf__alpha': 0.1, 'clf__l1_ratio': 0.5, 'clf__penalty': 'l1', 'clf__tol': 0.0001}",SGDClassifier(max_iter=300)
0.7981714994007459,"{'clf': SGDClassifier(max_iter=300), 'clf__alpha': 0.1, 'clf__l1_ratio': 0.5, 'clf__penalty': 'l1', 'clf__tol': 0.001}",SGDClassifier(max_iter=300)
0.8022213406951594,"{'clf': SGDClassifier(max_iter=300), 'clf__alpha': 0.1, 'clf__l1_ratio': 0.5, 'clf__penalty': 'l1', 'clf__tol': 0.01}",SGDClassifier(max_iter=300)
0.8864139581466103,"{'clf': SGDClassifier(max_iter=300), 'clf__alpha': 0.1, 'clf__l1_ratio': 0.5, 'clf__penalty': 'elasticnet', 'clf__tol': 0.0001}",SGDClassifier(max_iter=300)
0.8856955929380366,"{'clf': SGDClassifier(max_iter=300), 'clf__alpha': 0.1, 'clf__l1_ratio': 0.5, 'clf__penalty': 'elasticnet', 'clf__tol': 0.001}",SGDClassifier(max_iter=300)
0.8861527123287446,"{'clf': SGDClassifier(max_iter=300), 'clf__alpha': 0.1, 'clf__l1_ratio': 0.5, 'clf__penalty': 'elasticnet', 'clf__tol': 0.01}",SGDClassifier(max_iter=300)
0.9098626932013479,"{'clf': SGDClassifier(max_iter=300), 'clf__alpha': 0.1, 'clf__l1_ratio': 1, 'clf__penalty': 'l2', 'clf__tol': 0.0001}",SGDClassifier(max_iter=300)
0.909536126330507,"{'clf': SGDClassifier(max_iter=300), 'clf__alpha': 0.1, 'clf__l1_ratio': 1, 'clf__penalty': 'l2', 'clf__tol': 0.001}",SGDClassifier(max_iter=300)
0.9094708052775315,"{'clf': SGDClassifier(max_iter=300), 'clf__alpha': 0.1, 'clf__l1_ratio': 1, 'clf__penalty': 'l2', 'clf__tol': 0.01}",SGDClassifier(max_iter=300)
0.8082946628604355,"{'clf': SGDClassifier(max_iter=300), 'clf__alpha': 0.1, 'clf__l1_ratio': 1, 'clf__penalty': 'l1', 'clf__tol': 0.0001}",SGDClassifier(max_iter=300)
0.7998679398743255,"{'clf': SGDClassifier(max_iter=300), 'clf__alpha': 0.1, 'clf__l1_ratio': 1, 'clf__penalty': 'l1', 'clf__tol': 0.001}",SGDClassifier(max_iter=300)
0.8037886620262098,"{'clf': SGDClassifier(max_iter=300), 'clf__alpha': 0.1, 'clf__l1_ratio': 1, 'clf__penalty': 'l1', 'clf__tol': 0.01}",SGDClassifier(max_iter=300)
0.798366976235218,"{'clf': SGDClassifier(max_iter=300), 'clf__alpha': 0.1, 'clf__l1_ratio': 1, 'clf__penalty': 'elasticnet', 'clf__tol': 0.0001}",SGDClassifier(max_iter=300)
0.7992148317286674,"{'clf': SGDClassifier(max_iter=300), 'clf__alpha': 0.1, 'clf__l1_ratio': 1, 'clf__penalty': 'elasticnet', 'clf__tol': 0.001}",SGDClassifier(max_iter=300)
0.7962109207586007,"{'clf': SGDClassifier(max_iter=300), 'clf__alpha': 0.1, 'clf__l1_ratio': 1, 'clf__penalty': 'elasticnet', 'clf__tol': 0.01}",SGDClassifier(max_iter=300)
0.848269074003429,"{'clf': SGDClassifier(max_iter=300), 'clf__alpha': 0.5, 'clf__l1_ratio': 0.1, 'clf__penalty': 'l2', 'clf__tol': 0.0001}",SGDClassifier(max_iter=300)
0.8480730852484789,"{'clf': SGDClassifier(max_iter=300), 'clf__alpha': 0.5, 'clf__l1_ratio': 0.1, 'clf__penalty': 'l2', 'clf__tol': 0.001}",SGDClassifier(max_iter=300)
0.8470932950498723,"{'clf': SGDClassifier(max_iter=300), 'clf__alpha': 0.5, 'clf__l1_ratio': 0.1, 'clf__penalty': 'l2', 'clf__tol': 0.01}",SGDClassifier(max_iter=300)
0.49993467894702465,"{'clf': SGDClassifier(max_iter=300), 'clf__alpha': 0.5, 'clf__l1_ratio': 0.1, 'clf__penalty': 'l1', 'clf__tol': 0.0001}",SGDClassifier(max_iter=300)
0.49993467894702465,"{'clf': SGDClassifier(max_iter=300), 'clf__alpha': 0.5, 'clf__l1_ratio': 0.1, 'clf__penalty': 'l1', 'clf__tol': 0.001}",SGDClassifier(max_iter=300)
0.5,"{'clf': SGDClassifier(max_iter=300), 'clf__alpha': 0.5, 'clf__l1_ratio': 0.1, 'clf__penalty': 'l1', 'clf__tol': 0.01}",SGDClassifier(max_iter=300)
0.8431089155865656,"{'clf': SGDClassifier(max_iter=300), 'clf__alpha': 0.5, 'clf__l1_ratio': 0.1, 'clf__penalty': 'elasticnet', 'clf__tol': 0.0001}",SGDClassifier(max_iter=300)
0.8433699822322641,"{'clf': SGDClassifier(max_iter=300), 'clf__alpha': 0.5, 'clf__l1_ratio': 0.1, 'clf__penalty': 'elasticnet', 'clf__tol': 0.001}",SGDClassifier(max_iter=300)
0.8432396472786,"{'clf': SGDClassifier(max_iter=300), 'clf__alpha': 0.5, 'clf__l1_ratio': 0.1, 'clf__penalty': 'elasticnet', 'clf__tol': 0.01}",SGDClassifier(max_iter=300)
0.8480731620365507,"{'clf': SGDClassifier(max_iter=300), 'clf__alpha': 0.5, 'clf__l1_ratio': 0.5, 'clf__penalty': 'l2', 'clf__tol': 0.0001}",SGDClassifier(max_iter=300)
0.8474851957717006,"{'clf': SGDClassifier(max_iter=300), 'clf__alpha': 0.5, 'clf__l1_ratio': 0.5, 'clf__penalty': 'l2', 'clf__tol': 0.001}",SGDClassifier(max_iter=300)
0.8476159402617469,"{'clf': SGDClassifier(max_iter=300), 'clf__alpha': 0.5, 'clf__l1_ratio': 0.5, 'clf__penalty': 'l2', 'clf__tol': 0.01}",SGDClassifier(max_iter=300)
0.49993467894702465,"{'clf': SGDClassifier(max_iter=300), 'clf__alpha': 0.5, 'clf__l1_ratio': 0.5, 'clf__penalty': 'l1', 'clf__tol': 0.0001}",SGDClassifier(max_iter=300)
0.5,"{'clf': SGDClassifier(max_iter=300), 'clf__alpha': 0.5, 'clf__l1_ratio': 0.5, 'clf__penalty': 'l1', 'clf__tol': 0.001}",SGDClassifier(max_iter=300)
0.49993467894702465,"{'clf': SGDClassifier(max_iter=300), 'clf__alpha': 0.5, 'clf__l1_ratio': 0.5, 'clf__penalty': 'l1', 'clf__tol': 0.01}",SGDClassifier(max_iter=300)
0.7773340451075658,"{'clf': SGDClassifier(max_iter=300), 'clf__alpha': 0.5, 'clf__l1_ratio': 0.5, 'clf__penalty': 'elasticnet', 'clf__tol': 0.0001}",SGDClassifier(max_iter=300)
0.7692350664093959,"{'clf': SGDClassifier(max_iter=300), 'clf__alpha': 0.5, 'clf__l1_ratio': 0.5, 'clf__penalty': 'elasticnet', 'clf__tol': 0.001}",SGDClassifier(max_iter=300)
0.7598933751551886,"{'clf': SGDClassifier(max_iter=300), 'clf__alpha': 0.5, 'clf__l1_ratio': 0.5, 'clf__penalty': 'elasticnet', 'clf__tol': 0.01}",SGDClassifier(max_iter=300)
0.8467667409770433,"{'clf': SGDClassifier(max_iter=300), 'clf__alpha': 0.5, 'clf__l1_ratio': 1, 'clf__penalty': 'l2', 'clf__tol': 0.0001}",SGDClassifier(max_iter=300)
0.8470280635829806,"{'clf': SGDClassifier(max_iter=300), 'clf__alpha': 0.5, 'clf__l1_ratio': 1, 'clf__penalty': 'l2', 'clf__tol': 0.001}",SGDClassifier(max_iter=300)
0.8463748018611791,"{'clf': SGDClassifier(max_iter=300), 'clf__alpha': 0.5, 'clf__l1_ratio': 1, 'clf__penalty': 'l2', 'clf__tol': 0.01}",SGDClassifier(max_iter=300)
0.5,"{'clf': SGDClassifier(max_iter=300), 'clf__alpha': 0.5, 'clf__l1_ratio': 1, 'clf__penalty': 'l1', 'clf__tol': 0.0001}",SGDClassifier(max_iter=300)
0.5000653210529754,"{'clf': SGDClassifier(max_iter=300), 'clf__alpha': 0.5, 'clf__l1_ratio': 1, 'clf__penalty': 'l1', 'clf__tol': 0.001}",SGDClassifier(max_iter=300)
0.5,"{'clf': SGDClassifier(max_iter=300), 'clf__alpha': 0.5, 'clf__l1_ratio': 1, 'clf__penalty': 'l1', 'clf__tol': 0.01}",SGDClassifier(max_iter=300)
0.5,"{'clf': SGDClassifier(max_iter=300), 'clf__alpha': 0.5, 'clf__l1_ratio': 1, 'clf__penalty': 'elasticnet', 'clf__tol': 0.0001}",SGDClassifier(max_iter=300)
0.49993467894702465,"{'clf': SGDClassifier(max_iter=300), 'clf__alpha': 0.5, 'clf__l1_ratio': 1, 'clf__penalty': 'elasticnet', 'clf__tol': 0.001}",SGDClassifier(max_iter=300)
0.5000653210529754,"{'clf': SGDClassifier(max_iter=300), 'clf__alpha': 0.5, 'clf__l1_ratio': 1, 'clf__penalty': 'elasticnet', 'clf__tol': 0.01}",SGDClassifier(max_iter=300)
0.8138474386877963,"{'clf': SGDClassifier(max_iter=300), 'clf__alpha': 1, 'clf__l1_ratio': 0.1, 'clf__penalty': 'l2', 'clf__tol': 0.0001}",SGDClassifier(max_iter=300)
0.8196605260781507,"{'clf': SGDClassifier(max_iter=300), 'clf__alpha': 1, 'clf__l1_ratio': 0.1, 'clf__penalty': 'l2', 'clf__tol': 0.001}",SGDClassifier(max_iter=300)
0.8158067247307349,"{'clf': SGDClassifier(max_iter=300), 'clf__alpha': 1, 'clf__l1_ratio': 0.1, 'clf__penalty': 'l2', 'clf__tol': 0.01}",SGDClassifier(max_iter=300)
0.49993467894702465,"{'clf': SGDClassifier(max_iter=300), 'clf__alpha': 1, 'clf__l1_ratio': 0.1, 'clf__penalty': 'l1', 'clf__tol': 0.0001}",SGDClassifier(max_iter=300)
0.5000653210529754,"{'clf': SGDClassifier(max_iter=300), 'clf__alpha': 1, 'clf__l1_ratio': 0.1, 'clf__penalty': 'l1', 'clf__tol': 0.001}",SGDClassifier(max_iter=300)
0.5000653210529754,"{'clf': SGDClassifier(max_iter=300), 'clf__alpha': 1, 'clf__l1_ratio': 0.1, 'clf__penalty': 'l1', 'clf__tol': 0.01}",SGDClassifier(max_iter=300)
0.7785100544253375,"{'clf': SGDClassifier(max_iter=300), 'clf__alpha': 1, 'clf__l1_ratio': 0.1, 'clf__penalty': 'elasticnet', 'clf__tol': 0.0001}",SGDClassifier(max_iter=300)
0.7227951764190589,"{'clf': SGDClassifier(max_iter=300), 'clf__alpha': 1, 'clf__l1_ratio': 0.1, 'clf__penalty': 'elasticnet', 'clf__tol': 0.001}",SGDClassifier(max_iter=300)
0.6700161623533271,"{'clf': SGDClassifier(max_iter=300), 'clf__alpha': 1, 'clf__l1_ratio': 0.1, 'clf__penalty': 'elasticnet', 'clf__tol': 0.01}",SGDClassifier(max_iter=300)
0.8173745195882276,"{'clf': SGDClassifier(max_iter=300), 'clf__alpha': 1, 'clf__l1_ratio': 0.5, 'clf__penalty': 'l2', 'clf__tol': 0.0001}",SGDClassifier(max_iter=300)
0.8159374820187931,"{'clf': SGDClassifier(max_iter=300), 'clf__alpha': 1, 'clf__l1_ratio': 0.5, 'clf__penalty': 'l2', 'clf__tol': 0.001}",SGDClassifier(max_iter=300)
0.8136509636083923,"{'clf': SGDClassifier(max_iter=300), 'clf__alpha': 1, 'clf__l1_ratio': 0.5, 'clf__penalty': 'l2', 'clf__tol': 0.01}",SGDClassifier(max_iter=300)
0.5,"{'clf': SGDClassifier(max_iter=300), 'clf__alpha': 1, 'clf__l1_ratio': 0.5, 'clf__penalty': 'l1', 'clf__tol': 0.0001}",SGDClassifier(max_iter=300)
0.5,"{'clf': SGDClassifier(max_iter=300), 'clf__alpha': 1, 'clf__l1_ratio': 0.5, 'clf__penalty': 'l1', 'clf__tol': 0.001}",SGDClassifier(max_iter=300)
0.5,"{'clf': SGDClassifier(max_iter=300), 'clf__alpha': 1, 'clf__l1_ratio': 0.5, 'clf__penalty': 'l1', 'clf__tol': 0.01}",SGDClassifier(max_iter=300)
0.49993467894702465,"{'clf': SGDClassifier(max_iter=300), 'clf__alpha': 1, 'clf__l1_ratio': 0.5, 'clf__penalty': 'elasticnet', 'clf__tol': 0.0001}",SGDClassifier(max_iter=300)
0.5,"{'clf': SGDClassifier(max_iter=300), 'clf__alpha': 1, 'clf__l1_ratio': 0.5, 'clf__penalty': 'elasticnet', 'clf__tol': 0.001}",SGDClassifier(max_iter=300)
0.49993467894702465,"{'clf': SGDClassifier(max_iter=300), 'clf__alpha': 1, 'clf__l1_ratio': 0.5, 'clf__penalty': 'elasticnet', 'clf__tol': 0.01}",SGDClassifier(max_iter=300)
0.8191378552702521,"{'clf': SGDClassifier(max_iter=300), 'clf__alpha': 1, 'clf__l1_ratio': 1, 'clf__penalty': 'l2', 'clf__tol': 0.0001}",SGDClassifier(max_iter=300)
0.8180930639689686,"{'clf': SGDClassifier(max_iter=300), 'clf__alpha': 1, 'clf__l1_ratio': 1, 'clf__penalty': 'l2', 'clf__tol': 0.001}",SGDClassifier(max_iter=300)
0.8141084157474111,"{'clf': SGDClassifier(max_iter=300), 'clf__alpha': 1, 'clf__l1_ratio': 1, 'clf__penalty': 'l2', 'clf__tol': 0.01}",SGDClassifier(max_iter=300)
0.5000653210529754,"{'clf': SGDClassifier(max_iter=300), 'clf__alpha': 1, 'clf__l1_ratio': 1, 'clf__penalty': 'l1', 'clf__tol': 0.0001}",SGDClassifier(max_iter=300)
0.5000653210529754,"{'clf': SGDClassifier(max_iter=300), 'clf__alpha': 1, 'clf__l1_ratio': 1, 'clf__penalty': 'l1', 'clf__tol': 0.001}",SGDClassifier(max_iter=300)
0.5000653210529754,"{'clf': SGDClassifier(max_iter=300), 'clf__alpha': 1, 'clf__l1_ratio': 1, 'clf__penalty': 'l1', 'clf__tol': 0.01}",SGDClassifier(max_iter=300)
0.5,"{'clf': SGDClassifier(max_iter=300), 'clf__alpha': 1, 'clf__l1_ratio': 1, 'clf__penalty': 'elasticnet', 'clf__tol': 0.0001}",SGDClassifier(max_iter=300)
0.5,"{'clf': SGDClassifier(max_iter=300), 'clf__alpha': 1, 'clf__l1_ratio': 1, 'clf__penalty': 'elasticnet', 'clf__tol': 0.001}",SGDClassifier(max_iter=300)
0.5,"{'clf': SGDClassifier(max_iter=300), 'clf__alpha': 1, 'clf__l1_ratio': 1, 'clf__penalty': 'elasticnet', 'clf__tol': 0.01}",SGDClassifier(max_iter=300)
0.9520577769832772,"{'clf': SVC(probability=True), 'clf__C': 0.5, 'clf__kernel': 'linear', 'clf__tol': 0.0001}",SVC(probability=True)
0.9520577769832772,"{'clf': SVC(probability=True), 'clf__C': 0.5, 'clf__kernel': 'linear', 'clf__tol': 0.001}",SVC(probability=True)
0.9520577769832772,"{'clf': SVC(probability=True), 'clf__C': 0.5, 'clf__kernel': 'linear', 'clf__tol': 0.01}",SVC(probability=True)
0.9185502268729174,"{'clf': SVC(probability=True), 'clf__C': 0.5, 'clf__kernel': 'poly', 'clf__tol': 0.0001}",SVC(probability=True)
0.9185502268729174,"{'clf': SVC(probability=True), 'clf__C': 0.5, 'clf__kernel': 'poly', 'clf__tol': 0.001}",SVC(probability=True)
0.9184849186179539,"{'clf': SVC(probability=True), 'clf__C': 0.5, 'clf__kernel': 'poly', 'clf__tol': 0.01}",SVC(probability=True)
0.9323973302528007,"{'clf': SVC(probability=True), 'clf__C': 0.5, 'clf__kernel': 'rbf', 'clf__tol': 0.0001}",SVC(probability=True)
0.932462651305776,"{'clf': SVC(probability=True), 'clf__C': 0.5, 'clf__kernel': 'rbf', 'clf__tol': 0.001}",SVC(probability=True)
0.9325279851567633,"{'clf': SVC(probability=True), 'clf__C': 0.5, 'clf__kernel': 'rbf', 'clf__tol': 0.01}",SVC(probability=True)
0.7240364172037225,"{'clf': SVC(probability=True), 'clf__C': 0.5, 'clf__kernel': 'sigmoid', 'clf__tol': 0.0001}",SVC(probability=True)
0.7240364172037225,"{'clf': SVC(probability=True), 'clf__C': 0.5, 'clf__kernel': 'sigmoid', 'clf__tol': 0.001}",SVC(probability=True)
0.7241017126606738,"{'clf': SVC(probability=True), 'clf__C': 0.5, 'clf__kernel': 'sigmoid', 'clf__tol': 0.01}",SVC(probability=True)
0.951861839420375,"{'clf': SVC(probability=True), 'clf__C': 1, 'clf__kernel': 'linear', 'clf__tol': 0.0001}",SVC(probability=True)
0.951861839420375,"{'clf': SVC(probability=True), 'clf__C': 1, 'clf__kernel': 'linear', 'clf__tol': 0.001}",SVC(probability=True)
0.951861839420375,"{'clf': SVC(probability=True), 'clf__C': 1, 'clf__kernel': 'linear', 'clf__tol': 0.01}",SVC(probability=True)
0.9248207152102427,"{'clf': SVC(probability=True), 'clf__C': 1, 'clf__kernel': 'poly', 'clf__tol': 0.0001}",SVC(probability=True)
0.9248207152102427,"{'clf': SVC(probability=True), 'clf__C': 1, 'clf__kernel': 'poly', 'clf__tol': 0.001}",SVC(probability=True)
0.9246247648493284,"{'clf': SVC(probability=True), 'clf__C': 1, 'clf__kernel': 'poly', 'clf__tol': 0.01}",SVC(probability=True)
0.9356632933154857,"{'clf': SVC(probability=True), 'clf__C': 1, 'clf__kernel': 'rbf', 'clf__tol': 0.0001}",SVC(probability=True)
0.9356632933154857,"{'clf': SVC(probability=True), 'clf__C': 1, 'clf__kernel': 'rbf', 'clf__tol': 0.001}",SVC(probability=True)
0.9355326768055588,"{'clf': SVC(probability=True), 'clf__C': 1, 'clf__kernel': 'rbf', 'clf__tol': 0.01}",SVC(probability=True)
0.7192682362967591,"{'clf': SVC(probability=True), 'clf__C': 1, 'clf__kernel': 'sigmoid', 'clf__tol': 0.0001}",SVC(probability=True)
0.7193335573497345,"{'clf': SVC(probability=True), 'clf__C': 1, 'clf__kernel': 'sigmoid', 'clf__tol': 0.001}",SVC(probability=True)
0.7193335573497345,"{'clf': SVC(probability=True), 'clf__C': 1, 'clf__kernel': 'sigmoid', 'clf__tol': 0.01}",SVC(probability=True)
0.9519924815263258,"{'clf': SVC(probability=True), 'clf__C': 2, 'clf__kernel': 'linear', 'clf__tol': 0.0001}",SVC(probability=True)
0.9521231108342646,"{'clf': SVC(probability=True), 'clf__C': 2, 'clf__kernel': 'linear', 'clf__tol': 0.001}",SVC(probability=True)
0.9517965311654115,"{'clf': SVC(probability=True), 'clf__C': 2, 'clf__kernel': 'linear', 'clf__tol': 0.01}",SVC(probability=True)
0.9315482205541805,"{'clf': SVC(probability=True), 'clf__C': 2, 'clf__kernel': 'poly', 'clf__tol': 0.0001}",SVC(probability=True)
0.9316135288091439,"{'clf': SVC(probability=True), 'clf__C': 2, 'clf__kernel': 'poly', 'clf__tol': 0.001}",SVC(probability=True)
0.9316788370641075,"{'clf': SVC(probability=True), 'clf__C': 2, 'clf__kernel': 'poly', 'clf__tol': 0.01}",SVC(probability=True)
0.9364469923750468,"{'clf': SVC(probability=True), 'clf__C': 2, 'clf__kernel': 'rbf', 'clf__tol': 0.0001}",SVC(probability=True)
0.9364469923750468,"{'clf': SVC(probability=True), 'clf__C': 2, 'clf__kernel': 'rbf', 'clf__tol': 0.001}",SVC(probability=True)
0.9365776216829858,"{'clf': SVC(probability=True), 'clf__C': 2, 'clf__kernel': 'rbf', 'clf__tol': 0.01}",SVC(probability=True)
0.7171127695286912,"{'clf': SVC(probability=True), 'clf__C': 2, 'clf__kernel': 'sigmoid', 'clf__tol': 0.0001}",SVC(probability=True)
0.7171127695286912,"{'clf': SVC(probability=True), 'clf__C': 2, 'clf__kernel': 'sigmoid', 'clf__tol': 0.001}",SVC(probability=True)
0.7171127695286912,"{'clf': SVC(probability=True), 'clf__C': 2, 'clf__kernel': 'sigmoid', 'clf__tol': 0.01}",SVC(probability=True)
0.7020255259931719,"{'clf': DecisionTreeClassifier(), 'clf__max_depth': 5, 'clf__max_features': 'sqrt', 'clf__min_samples_leaf': 1}",DecisionTreeClassifier()
0.7453278681726957,"{'clf': DecisionTreeClassifier(), 'clf__max_depth': 5, 'clf__max_features': 'sqrt', 'clf__min_samples_leaf': 5}",DecisionTreeClassifier()
0.7071850701054617,"{'clf': DecisionTreeClassifier(), 'clf__max_depth': 5, 'clf__max_features': 'sqrt', 'clf__min_samples_leaf': 20}",DecisionTreeClassifier()
0.6837387538749821,"{'clf': DecisionTreeClassifier(), 'clf__max_depth': 5, 'clf__max_features': 'log2', 'clf__min_samples_leaf': 1}",DecisionTreeClassifier()
0.7135181535192178,"{'clf': DecisionTreeClassifier(), 'clf__max_depth': 5, 'clf__max_features': 'log2', 'clf__min_samples_leaf': 5}",DecisionTreeClassifier()
0.7096683963435773,"{'clf': DecisionTreeClassifier(), 'clf__max_depth': 5, 'clf__max_features': 'log2', 'clf__min_samples_leaf': 20}",DecisionTreeClassifier()
0.7626384719296596,"{'clf': DecisionTreeClassifier(), 'clf__max_depth': 20, 'clf__max_features': 'sqrt', 'clf__min_samples_leaf': 1}",DecisionTreeClassifier()
0.7703449483994396,"{'clf': DecisionTreeClassifier(), 'clf__max_depth': 20, 'clf__max_features': 'sqrt', 'clf__min_samples_leaf': 5}",DecisionTreeClassifier()
0.7678634522770326,"{'clf': DecisionTreeClassifier(), 'clf__max_depth': 20, 'clf__max_features': 'sqrt', 'clf__min_samples_leaf': 20}",DecisionTreeClassifier()
0.7591774671649087,"{'clf': DecisionTreeClassifier(), 'clf__max_depth': 20, 'clf__max_features': 'log2', 'clf__min_samples_leaf': 1}",DecisionTreeClassifier()
0.7624427775289844,"{'clf': DecisionTreeClassifier(), 'clf__max_depth': 20, 'clf__max_features': 'log2', 'clf__min_samples_leaf': 5}",DecisionTreeClassifier()
0.764600036018725,"{'clf': DecisionTreeClassifier(), 'clf__max_depth': 20, 'clf__max_features': 'log2', 'clf__min_samples_leaf': 20}",DecisionTreeClassifier()
0.769628221336395,"{'clf': DecisionTreeClassifier(), 'clf__max_depth': 100, 'clf__max_features': 'sqrt', 'clf__min_samples_leaf': 1}",DecisionTreeClassifier()
0.7806010064151826,"{'clf': DecisionTreeClassifier(), 'clf__max_depth': 100, 'clf__max_features': 'sqrt', 'clf__min_samples_leaf': 5}",DecisionTreeClassifier()
0.7794255474119246,"{'clf': DecisionTreeClassifier(), 'clf__max_depth': 100, 'clf__max_features': 'sqrt', 'clf__min_samples_leaf': 20}",DecisionTreeClassifier()
0.7493802946655225,"{'clf': DecisionTreeClassifier(), 'clf__max_depth': 100, 'clf__max_features': 'log2', 'clf__min_samples_leaf': 1}",DecisionTreeClassifier()
0.7554527209699624,"{'clf': DecisionTreeClassifier(), 'clf__max_depth': 100, 'clf__max_features': 'log2', 'clf__min_samples_leaf': 5}",DecisionTreeClassifier()
0.7566314818603027,"{'clf': DecisionTreeClassifier(), 'clf__max_depth': 100, 'clf__max_features': 'log2', 'clf__min_samples_leaf': 20}",DecisionTreeClassifier()
0.757282631910133,"{'clf': DecisionTreeClassifier(), 'clf__max_depth': 200, 'clf__max_features': 'sqrt', 'clf__min_samples_leaf': 1}",DecisionTreeClassifier()
0.7791642504020112,"{'clf': DecisionTreeClassifier(), 'clf__max_depth': 200, 'clf__max_features': 'sqrt', 'clf__min_samples_leaf': 5}",DecisionTreeClassifier()
0.7775292275877631,"{'clf': DecisionTreeClassifier(), 'clf__max_depth': 200, 'clf__max_features': 'sqrt', 'clf__min_samples_leaf': 20}",DecisionTreeClassifier()
0.7582629852212653,"{'clf': DecisionTreeClassifier(), 'clf__max_depth': 200, 'clf__max_features': 'log2', 'clf__min_samples_leaf': 1}",DecisionTreeClassifier()
0.7657078575288452,"{'clf': DecisionTreeClassifier(), 'clf__max_depth': 200, 'clf__max_features': 'log2', 'clf__min_samples_leaf': 5}",DecisionTreeClassifier()
0.773352570792971,"{'clf': DecisionTreeClassifier(), 'clf__max_depth': 200, 'clf__max_features': 'log2', 'clf__min_samples_leaf': 20}",DecisionTreeClassifier()
0.7676037550186124,"{'clf': DecisionTreeClassifier(), 'clf__max_depth': 500, 'clf__max_features': 'sqrt', 'clf__min_samples_leaf': 1}",DecisionTreeClassifier()
0.775114793047956,"{'clf': DecisionTreeClassifier(), 'clf__max_depth': 500, 'clf__max_features': 'sqrt', 'clf__min_samples_leaf': 5}",DecisionTreeClassifier()
0.7487246525134988,"{'clf': DecisionTreeClassifier(), 'clf__max_depth': 500, 'clf__max_features': 'sqrt', 'clf__min_samples_leaf': 20}",DecisionTreeClassifier()
0.743958724056638,"{'clf': DecisionTreeClassifier(), 'clf__max_depth': 500, 'clf__max_features': 'log2', 'clf__min_samples_leaf': 1}",DecisionTreeClassifier()
0.7589820031284483,"{'clf': DecisionTreeClassifier(), 'clf__max_depth': 500, 'clf__max_features': 'log2', 'clf__min_samples_leaf': 5}",DecisionTreeClassifier()
0.7589154662643383,"{'clf': DecisionTreeClassifier(), 'clf__max_depth': 500, 'clf__max_features': 'log2', 'clf__min_samples_leaf': 20}",DecisionTreeClassifier()
0.8189417385351826,"{'clf': RandomForestClassifier(), 'clf__max_depth': 5, 'clf__max_features': 'sqrt', 'clf__min_samples_leaf': 1, 'clf__n_estimators': 100}",RandomForestClassifier()
0.8213583231409967,"{'clf': RandomForestClassifier(), 'clf__max_depth': 5, 'clf__max_features': 'sqrt', 'clf__min_samples_leaf': 1, 'clf__n_estimators': 200}",RandomForestClassifier()
0.8241017177798787,"{'clf': RandomForestClassifier(), 'clf__max_depth': 5, 'clf__max_features': 'sqrt', 'clf__min_samples_leaf': 1, 'clf__n_estimators': 500}",RandomForestClassifier()
0.8235790341739682,"{'clf': RandomForestClassifier(), 'clf__max_depth': 5, 'clf__max_features': 'sqrt', 'clf__min_samples_leaf': 1, 'clf__n_estimators': 1000}",RandomForestClassifier()
0.8246241838195861,"{'clf': RandomForestClassifier(), 'clf__max_depth': 5, 'clf__max_features': 'sqrt', 'clf__min_samples_leaf': 1, 'clf__n_estimators': 2000}",RandomForestClassifier()
0.8241669492467705,"{'clf': RandomForestClassifier(), 'clf__max_depth': 5, 'clf__max_features': 'sqrt', 'clf__min_samples_leaf': 5, 'clf__n_estimators': 100}",RandomForestClassifier()
0.8244283230447556,"{'clf': RandomForestClassifier(), 'clf__max_depth': 5, 'clf__max_features': 'sqrt', 'clf__min_samples_leaf': 5, 'clf__n_estimators': 200}",RandomForestClassifier()
0.8246244013857892,"{'clf': RandomForestClassifier(), 'clf__max_depth': 5, 'clf__max_features': 'sqrt', 'clf__min_samples_leaf': 5, 'clf__n_estimators': 500}",RandomForestClassifier()
0.8237750101309063,"{'clf': RandomForestClassifier(), 'clf__max_depth': 5, 'clf__max_features': 'sqrt', 'clf__min_samples_leaf': 5, 'clf__n_estimators': 1000}",RandomForestClassifier()
0.8239709476938084,"{'clf': RandomForestClassifier(), 'clf__max_depth': 5, 'clf__max_features': 'sqrt', 'clf__min_samples_leaf': 5, 'clf__n_estimators': 2000}",RandomForestClassifier()
0.8187454042339101,"{'clf': RandomForestClassifier(), 'clf__max_depth': 5, 'clf__max_features': 'sqrt', 'clf__min_samples_leaf': 20, 'clf__n_estimators': 100}",RandomForestClassifier()
0.8196600909457444,"{'clf': RandomForestClassifier(), 'clf__max_depth': 5, 'clf__max_features': 'sqrt', 'clf__min_samples_leaf': 20, 'clf__n_estimators': 200}",RandomForestClassifier()
0.8242974889686256,"{'clf': RandomForestClassifier(), 'clf__max_depth': 5, 'clf__max_features': 'sqrt', 'clf__min_samples_leaf': 20, 'clf__n_estimators': 500}",RandomForestClassifier()
0.8238403695779174,"{'clf': RandomForestClassifier(), 'clf__max_depth': 5, 'clf__max_features': 'sqrt', 'clf__min_samples_leaf': 20, 'clf__n_estimators': 1000}",RandomForestClassifier()
0.8226645906243607,"{'clf': RandomForestClassifier(), 'clf__max_depth': 5, 'clf__max_features': 'sqrt', 'clf__min_samples_leaf': 20, 'clf__n_estimators': 2000}",RandomForestClassifier()
0.8169168754790297,"{'clf': RandomForestClassifier(), 'clf__max_depth': 5, 'clf__max_features': 'log2', 'clf__min_samples_leaf': 1, 'clf__n_estimators': 100}",RandomForestClassifier()
0.8175701116048072,"{'clf': RandomForestClassifier(), 'clf__max_depth': 5, 'clf__max_features': 'log2', 'clf__min_samples_leaf': 1, 'clf__n_estimators': 200}",RandomForestClassifier()
0.8189413034027764,"{'clf': RandomForestClassifier(), 'clf__max_depth': 5, 'clf__max_features': 'log2', 'clf__min_samples_leaf': 1, 'clf__n_estimators': 500}",RandomForestClassifier()
0.8183536698862369,"{'clf': RandomForestClassifier(), 'clf__max_depth': 5, 'clf__max_features': 'log2', 'clf__min_samples_leaf': 1, 'clf__n_estimators': 1000}",RandomForestClassifier()
0.8201825953794876,"{'clf': RandomForestClassifier(), 'clf__max_depth': 5, 'clf__max_features': 'log2', 'clf__min_samples_leaf': 1, 'clf__n_estimators': 2000}",RandomForestClassifier()
0.8178313190286369,"{'clf': RandomForestClassifier(), 'clf__max_depth': 5, 'clf__max_features': 'log2', 'clf__min_samples_leaf': 5, 'clf__n_estimators': 100}",RandomForestClassifier()
0.8212932580482603,"{'clf': RandomForestClassifier(), 'clf__max_depth': 5, 'clf__max_features': 'log2', 'clf__min_samples_leaf': 5, 'clf__n_estimators': 200}",RandomForestClassifier()
0.8198559645185869,"{'clf': RandomForestClassifier(), 'clf__max_depth': 5, 'clf__max_features': 'log2', 'clf__min_samples_leaf': 5, 'clf__n_estimators': 500}",RandomForestClassifier()
0.8201172999225362,"{'clf': RandomForestClassifier(), 'clf__max_depth': 5, 'clf__max_features': 'log2', 'clf__min_samples_leaf': 5, 'clf__n_estimators': 1000}",RandomForestClassifier()
0.8192681902239162,"{'clf': RandomForestClassifier(), 'clf__max_depth': 5, 'clf__max_features': 'log2', 'clf__min_samples_leaf': 5, 'clf__n_estimators': 2000}",RandomForestClassifier()
0.8154143632804765,"{'clf': RandomForestClassifier(), 'clf__max_depth': 5, 'clf__max_features': 'log2', 'clf__min_samples_leaf': 20, 'clf__n_estimators': 100}",RandomForestClassifier()
0.819072470227217,"{'clf': RandomForestClassifier(), 'clf__max_depth': 5, 'clf__max_features': 'log2', 'clf__min_samples_leaf': 20, 'clf__n_estimators': 200}",RandomForestClassifier()
0.8179616411842892,"{'clf': RandomForestClassifier(), 'clf__max_depth': 5, 'clf__max_features': 'log2', 'clf__min_samples_leaf': 20, 'clf__n_estimators': 500}",RandomForestClassifier()
0.8161982799062407,"{'clf': RandomForestClassifier(), 'clf__max_depth': 5, 'clf__max_features': 'log2', 'clf__min_samples_leaf': 20, 'clf__n_estimators': 1000}",RandomForestClassifier()
0.8201172103364526,"{'clf': RandomForestClassifier(), 'clf__max_depth': 5, 'clf__max_features': 'log2', 'clf__min_samples_leaf': 20, 'clf__n_estimators': 2000}",RandomForestClassifier()
0.8823647183587583,"{'clf': RandomForestClassifier(), 'clf__max_depth': 20, 'clf__max_features': 'sqrt', 'clf__min_samples_leaf': 1, 'clf__n_estimators': 100}",RandomForestClassifier()
0.884193439083818,"{'clf': RandomForestClassifier(), 'clf__max_depth': 20, 'clf__max_features': 'sqrt', 'clf__min_samples_leaf': 1, 'clf__n_estimators': 200}",RandomForestClassifier()
0.8856304382592164,"{'clf': RandomForestClassifier(), 'clf__max_depth': 20, 'clf__max_features': 'sqrt', 'clf__min_samples_leaf': 1, 'clf__n_estimators': 500}",RandomForestClassifier()
0.8859570435240932,"{'clf': RandomForestClassifier(), 'clf__max_depth': 20, 'clf__max_features': 'sqrt', 'clf__min_samples_leaf': 1, 'clf__n_estimators': 1000}",RandomForestClassifier()
0.8867407425836545,"{'clf': RandomForestClassifier(), 'clf__max_depth': 20, 'clf__max_features': 'sqrt', 'clf__min_samples_leaf': 1, 'clf__n_estimators': 2000}",RandomForestClassifier()
0.8770740074220278,"{'clf': RandomForestClassifier(), 'clf__max_depth': 20, 'clf__max_features': 'sqrt', 'clf__min_samples_leaf': 5, 'clf__n_estimators': 100}",RandomForestClassifier()
0.8796865551867681,"{'clf': RandomForestClassifier(), 'clf__max_depth': 20, 'clf__max_features': 'sqrt', 'clf__min_samples_leaf': 5, 'clf__n_estimators': 200}",RandomForestClassifier()
0.880209123610571,"{'clf': RandomForestClassifier(), 'clf__max_depth': 20, 'clf__max_features': 'sqrt', 'clf__min_samples_leaf': 5, 'clf__n_estimators': 500}",RandomForestClassifier()
0.8819075861700383,"{'clf': RandomForestClassifier(), 'clf__max_depth': 20, 'clf__max_features': 'sqrt', 'clf__min_samples_leaf': 5, 'clf__n_estimators': 1000}",RandomForestClassifier()
0.8809275784052284,"{'clf': RandomForestClassifier(), 'clf__max_depth': 20, 'clf__max_features': 'sqrt', 'clf__min_samples_leaf': 5, 'clf__n_estimators': 2000}",RandomForestClassifier()
0.8666886254955646,"{'clf': RandomForestClassifier(), 'clf__max_depth': 20, 'clf__max_features': 'sqrt', 'clf__min_samples_leaf': 20, 'clf__n_estimators': 100}",RandomForestClassifier()
0.8668843582902758,"{'clf': RandomForestClassifier(), 'clf__max_depth': 20, 'clf__max_features': 'sqrt', 'clf__min_samples_leaf': 20, 'clf__n_estimators': 200}",RandomForestClassifier()
0.8674067347438995,"{'clf': RandomForestClassifier(), 'clf__max_depth': 20, 'clf__max_features': 'sqrt', 'clf__min_samples_leaf': 20, 'clf__n_estimators': 500}",RandomForestClassifier()
0.8672761822240324,"{'clf': RandomForestClassifier(), 'clf__max_depth': 20, 'clf__max_features': 'sqrt', 'clf__min_samples_leaf': 20, 'clf__n_estimators': 1000}",RandomForestClassifier()
0.8688439130914652,"{'clf': RandomForestClassifier(), 'clf__max_depth': 20, 'clf__max_features': 'sqrt', 'clf__min_samples_leaf': 20, 'clf__n_estimators': 2000}",RandomForestClassifier()
0.87668197872008,"{'clf': RandomForestClassifier(), 'clf__max_depth': 20, 'clf__max_features': 'log2', 'clf__min_samples_leaf': 1, 'clf__n_estimators': 100}",RandomForestClassifier()
0.8797517994516717,"{'clf': RandomForestClassifier(), 'clf__max_depth': 20, 'clf__max_features': 'log2', 'clf__min_samples_leaf': 1, 'clf__n_estimators': 200}",RandomForestClassifier()
0.8815154678820069,"{'clf': RandomForestClassifier(), 'clf__max_depth': 20, 'clf__max_features': 'log2', 'clf__min_samples_leaf': 1, 'clf__n_estimators': 500}",RandomForestClassifier()
0.8847159307195492,"{'clf': RandomForestClassifier(), 'clf__max_depth': 20, 'clf__max_features': 'log2', 'clf__min_samples_leaf': 1, 'clf__n_estimators': 1000}",RandomForestClassifier()
0.8851079082294492,"{'clf': RandomForestClassifier(), 'clf__max_depth': 20, 'clf__max_features': 'log2', 'clf__min_samples_leaf': 1, 'clf__n_estimators': 2000}",RandomForestClassifier()
0.8746572052500108,"{'clf': RandomForestClassifier(), 'clf__max_depth': 20, 'clf__max_features': 'log2', 'clf__min_samples_leaf': 5, 'clf__n_estimators': 100}",RandomForestClassifier()
0.8767473765611271,"{'clf': RandomForestClassifier(), 'clf__max_depth': 20, 'clf__max_features': 'log2', 'clf__min_samples_leaf': 5, 'clf__n_estimators': 200}",RandomForestClassifier()
0.8805356392893643,"{'clf': RandomForestClassifier(), 'clf__max_depth': 20, 'clf__max_features': 'log2', 'clf__min_samples_leaf': 5, 'clf__n_estimators': 500}",RandomForestClassifier()
0.8787067777861733,"{'clf': RandomForestClassifier(), 'clf__max_depth': 20, 'clf__max_features': 'log2', 'clf__min_samples_leaf': 5, 'clf__n_estimators': 1000}",RandomForestClassifier()
0.8780536056504554,"{'clf': RandomForestClassifier(), 'clf__max_depth': 20, 'clf__max_features': 'log2', 'clf__min_samples_leaf': 5, 'clf__n_estimators': 2000}",RandomForestClassifier()
0.863095967581919,"{'clf': RandomForestClassifier(), 'clf__max_depth': 20, 'clf__max_features': 'log2', 'clf__min_samples_leaf': 20, 'clf__n_estimators': 100}",RandomForestClassifier()
0.8648595336281586,"{'clf': RandomForestClassifier(), 'clf__max_depth': 20, 'clf__max_features': 'log2', 'clf__min_samples_leaf': 20, 'clf__n_estimators': 200}",RandomForestClassifier()
0.8634224832607122,"{'clf': RandomForestClassifier(), 'clf__max_depth': 20, 'clf__max_features': 'log2', 'clf__min_samples_leaf': 20, 'clf__n_estimators': 500}",RandomForestClassifier()
0.8657738747936704,"{'clf': RandomForestClassifier(), 'clf__max_depth': 20, 'clf__max_features': 'log2', 'clf__min_samples_leaf': 20, 'clf__n_estimators': 1000}",RandomForestClassifier()
0.8644676201083182,"{'clf': RandomForestClassifier(), 'clf__max_depth': 20, 'clf__max_features': 'log2', 'clf__min_samples_leaf': 20, 'clf__n_estimators': 2000}",RandomForestClassifier()
0.8810582333091911,"{'clf': RandomForestClassifier(), 'clf__max_depth': 100, 'clf__max_features': 'sqrt', 'clf__min_samples_leaf': 1, 'clf__n_estimators': 100}",RandomForestClassifier()
0.8857611955472747,"{'clf': RandomForestClassifier(), 'clf__max_depth': 100, 'clf__max_features': 'sqrt', 'clf__min_samples_leaf': 1, 'clf__n_estimators': 200}",RandomForestClassifier()
0.8884389491828828,"{'clf': RandomForestClassifier(), 'clf__max_depth': 100, 'clf__max_features': 'sqrt', 'clf__min_samples_leaf': 1, 'clf__n_estimators': 500}",RandomForestClassifier()
0.8852384863453403,"{'clf': RandomForestClassifier(), 'clf__max_depth': 100, 'clf__max_features': 'sqrt', 'clf__min_samples_leaf': 1, 'clf__n_estimators': 1000}",RandomForestClassifier()
0.8859570051300575,"{'clf': RandomForestClassifier(), 'clf__max_depth': 100, 'clf__max_features': 'sqrt', 'clf__min_samples_leaf': 1, 'clf__n_estimators': 2000}",RandomForestClassifier()
0.8768125056439233,"{'clf': RandomForestClassifier(), 'clf__max_depth': 100, 'clf__max_features': 'sqrt', 'clf__min_samples_leaf': 5, 'clf__n_estimators': 100}",RandomForestClassifier()
0.8796866063788159,"{'clf': RandomForestClassifier(), 'clf__max_depth': 100, 'clf__max_features': 'sqrt', 'clf__min_samples_leaf': 5, 'clf__n_estimators': 200}",RandomForestClassifier()
0.8801438281536195,"{'clf': RandomForestClassifier(), 'clf__max_depth': 100, 'clf__max_features': 'sqrt', 'clf__min_samples_leaf': 5, 'clf__n_estimators': 500}",RandomForestClassifier()
0.8820380107097859,"{'clf': RandomForestClassifier(), 'clf__max_depth': 100, 'clf__max_features': 'sqrt', 'clf__min_samples_leaf': 5, 'clf__n_estimators': 1000}",RandomForestClassifier()
0.8823646159746628,"{'clf': RandomForestClassifier(), 'clf__max_depth': 100, 'clf__max_features': 'sqrt', 'clf__min_samples_leaf': 5, 'clf__n_estimators': 2000}",RandomForestClassifier()
0.8647289939063034,"{'clf': RandomForestClassifier(), 'clf__max_depth': 100, 'clf__max_features': 'sqrt', 'clf__min_samples_leaf': 20, 'clf__n_estimators': 100}",RandomForestClassifier()
0.867015102780322,"{'clf': RandomForestClassifier(), 'clf__max_depth': 100, 'clf__max_features': 'sqrt', 'clf__min_samples_leaf': 20, 'clf__n_estimators': 200}",RandomForestClassifier()
0.8664270469293883,"{'clf': RandomForestClassifier(), 'clf__max_depth': 100, 'clf__max_features': 'sqrt', 'clf__min_samples_leaf': 20, 'clf__n_estimators': 500}",RandomForestClassifier()
0.8668843454922638,"{'clf': RandomForestClassifier(), 'clf__max_depth': 100, 'clf__max_features': 'sqrt', 'clf__min_samples_leaf': 20, 'clf__n_estimators': 1000}",RandomForestClassifier()
0.8687785408464421,"{'clf': RandomForestClassifier(), 'clf__max_depth': 100, 'clf__max_features': 'sqrt', 'clf__min_samples_leaf': 20, 'clf__n_estimators': 2000}",RandomForestClassifier()
0.8768125184419352,"{'clf': RandomForestClassifier(), 'clf__max_depth': 100, 'clf__max_features': 'log2', 'clf__min_samples_leaf': 1, 'clf__n_estimators': 100}",RandomForestClassifier()
0.8800131604516449,"{'clf': RandomForestClassifier(), 'clf__max_depth': 100, 'clf__max_features': 'log2', 'clf__min_samples_leaf': 1, 'clf__n_estimators': 200}",RandomForestClassifier()
0.8826259001865643,"{'clf': RandomForestClassifier(), 'clf__max_depth': 100, 'clf__max_features': 'log2', 'clf__min_samples_leaf': 1, 'clf__n_estimators': 500}",RandomForestClassifier()
0.8830176601302613,"{'clf': RandomForestClassifier(), 'clf__max_depth': 100, 'clf__max_features': 'log2', 'clf__min_samples_leaf': 1, 'clf__n_estimators': 1000}",RandomForestClassifier()
0.8832789187461388,"{'clf': RandomForestClassifier(), 'clf__max_depth': 100, 'clf__max_features': 'log2', 'clf__min_samples_leaf': 1, 'clf__n_estimators': 2000}",RandomForestClassifier()
0.8746570388758554,"{'clf': RandomForestClassifier(), 'clf__max_depth': 100, 'clf__max_features': 'log2', 'clf__min_samples_leaf': 5, 'clf__n_estimators': 100}",RandomForestClassifier()
0.8768126464220547,"{'clf': RandomForestClassifier(), 'clf__max_depth': 100, 'clf__max_features': 'log2', 'clf__min_samples_leaf': 5, 'clf__n_estimators': 200}",RandomForestClassifier()
0.8788372791139927,"{'clf': RandomForestClassifier(), 'clf__max_depth': 100, 'clf__max_features': 'log2', 'clf__min_samples_leaf': 5, 'clf__n_estimators': 500}",RandomForestClassifier()
0.87929459047488,"{'clf': RandomForestClassifier(), 'clf__max_depth': 100, 'clf__max_features': 'log2', 'clf__min_samples_leaf': 5, 'clf__n_estimators': 1000}",RandomForestClassifier()
0.8790986529119778,"{'clf': RandomForestClassifier(), 'clf__max_depth': 100, 'clf__max_features': 'log2', 'clf__min_samples_leaf': 5, 'clf__n_estimators': 2000}",RandomForestClassifier()
0.8645982238202331,"{'clf': RandomForestClassifier(), 'clf__max_depth': 100, 'clf__max_features': 'log2', 'clf__min_samples_leaf': 20, 'clf__n_estimators': 100}",RandomForestClassifier()
0.8640755786083586,"{'clf': RandomForestClassifier(), 'clf__max_depth': 100, 'clf__max_features': 'log2', 'clf__min_samples_leaf': 20, 'clf__n_estimators': 200}",RandomForestClassifier()
0.8641410148434415,"{'clf': RandomForestClassifier(), 'clf__max_depth': 100, 'clf__max_features': 'log2', 'clf__min_samples_leaf': 20, 'clf__n_estimators': 500}",RandomForestClassifier()
0.8660352101976198,"{'clf': RandomForestClassifier(), 'clf__max_depth': 100, 'clf__max_features': 'log2', 'clf__min_samples_leaf': 20, 'clf__n_estimators': 1000}",RandomForestClassifier()
0.8648594824361108,"{'clf': RandomForestClassifier(), 'clf__max_depth': 100, 'clf__max_features': 'log2', 'clf__min_samples_leaf': 20, 'clf__n_estimators': 2000}",RandomForestClassifier()
0.8804704206204845,"{'clf': RandomForestClassifier(), 'clf__max_depth': 200, 'clf__max_features': 'sqrt', 'clf__min_samples_leaf': 1, 'clf__n_estimators': 100}",RandomForestClassifier()
0.884650596868562,"{'clf': RandomForestClassifier(), 'clf__max_depth': 200, 'clf__max_features': 'sqrt', 'clf__min_samples_leaf': 1, 'clf__n_estimators': 200}",RandomForestClassifier()
0.8838669362030367,"{'clf': RandomForestClassifier(), 'clf__max_depth': 200, 'clf__max_features': 'sqrt', 'clf__min_samples_leaf': 1, 'clf__n_estimators': 500}",RandomForestClassifier()
0.8856303486731328,"{'clf': RandomForestClassifier(), 'clf__max_depth': 200, 'clf__max_features': 'sqrt', 'clf__min_samples_leaf': 1, 'clf__n_estimators': 1000}",RandomForestClassifier()
0.8855649892261216,"{'clf': RandomForestClassifier(), 'clf__max_depth': 200, 'clf__max_features': 'sqrt', 'clf__min_samples_leaf': 1, 'clf__n_estimators': 2000}",RandomForestClassifier()
0.8760940636472778,"{'clf': RandomForestClassifier(), 'clf__max_depth': 200, 'clf__max_features': 'sqrt', 'clf__min_samples_leaf': 5, 'clf__n_estimators': 100}",RandomForestClassifier()
0.8792292566238927,"{'clf': RandomForestClassifier(), 'clf__max_depth': 200, 'clf__max_features': 'sqrt', 'clf__min_samples_leaf': 5, 'clf__n_estimators': 200}",RandomForestClassifier()
0.8807969362992777,"{'clf': RandomForestClassifier(), 'clf__max_depth': 200, 'clf__max_features': 'sqrt', 'clf__min_samples_leaf': 5, 'clf__n_estimators': 500}",RandomForestClassifier()
0.8804704206204845,"{'clf': RandomForestClassifier(), 'clf__max_depth': 200, 'clf__max_features': 'sqrt', 'clf__min_samples_leaf': 5, 'clf__n_estimators': 1000}",RandomForestClassifier()
0.8826911700474919,"{'clf': RandomForestClassifier(), 'clf__max_depth': 200, 'clf__max_features': 'sqrt', 'clf__min_samples_leaf': 5, 'clf__n_estimators': 2000}",RandomForestClassifier()
0.8636839338467691,"{'clf': RandomForestClassifier(), 'clf__max_depth': 200, 'clf__max_features': 'sqrt', 'clf__min_samples_leaf': 20, 'clf__n_estimators': 100}",RandomForestClassifier()
0.866688292747254,"{'clf': RandomForestClassifier(), 'clf__max_depth': 200, 'clf__max_features': 'sqrt', 'clf__min_samples_leaf': 20, 'clf__n_estimators': 200}",RandomForestClassifier()
0.8680602012338922,"{'clf': RandomForestClassifier(), 'clf__max_depth': 200, 'clf__max_features': 'sqrt', 'clf__min_samples_leaf': 20, 'clf__n_estimators': 500}",RandomForestClassifier()
0.8681253431147002,"{'clf': RandomForestClassifier(), 'clf__max_depth': 200, 'clf__max_features': 'sqrt', 'clf__min_samples_leaf': 20, 'clf__n_estimators': 1000}",RandomForestClassifier()
0.8681254454987958,"{'clf': RandomForestClassifier(), 'clf__max_depth': 200, 'clf__max_features': 'sqrt', 'clf__min_samples_leaf': 20, 'clf__n_estimators': 2000}",RandomForestClassifier()
0.8777922446504821,"{'clf': RandomForestClassifier(), 'clf__max_depth': 200, 'clf__max_features': 'log2', 'clf__min_samples_leaf': 1, 'clf__n_estimators': 100}",RandomForestClassifier()
0.8811233879880113,"{'clf': RandomForestClassifier(), 'clf__max_depth': 200, 'clf__max_features': 'log2', 'clf__min_samples_leaf': 1, 'clf__n_estimators': 200}",RandomForestClassifier()
0.8834749458951247,"{'clf': RandomForestClassifier(), 'clf__max_depth': 200, 'clf__max_features': 'log2', 'clf__min_samples_leaf': 1, 'clf__n_estimators': 500}",RandomForestClassifier()
0.8834096632361851,"{'clf': RandomForestClassifier(), 'clf__max_depth': 200, 'clf__max_features': 'log2', 'clf__min_samples_leaf': 1, 'clf__n_estimators': 1000}",RandomForestClassifier()
0.883997424732844,"{'clf': RandomForestClassifier(), 'clf__max_depth': 200, 'clf__max_features': 'log2', 'clf__min_samples_leaf': 1, 'clf__n_estimators': 2000}",RandomForestClassifier()
0.874657128461939,"{'clf': RandomForestClassifier(), 'clf__max_depth': 200, 'clf__max_features': 'log2', 'clf__min_samples_leaf': 5, 'clf__n_estimators': 100}",RandomForestClassifier()
0.8764861051472376,"{'clf': RandomForestClassifier(), 'clf__max_depth': 200, 'clf__max_features': 'log2', 'clf__min_samples_leaf': 5, 'clf__n_estimators': 200}",RandomForestClassifier()
0.8783149026603688,"{'clf': RandomForestClassifier(), 'clf__max_depth': 200, 'clf__max_features': 'log2', 'clf__min_samples_leaf': 5, 'clf__n_estimators': 500}",RandomForestClassifier()
0.8791639611669412,"{'clf': RandomForestClassifier(), 'clf__max_depth': 200, 'clf__max_features': 'log2', 'clf__min_samples_leaf': 5, 'clf__n_estimators': 1000}",RandomForestClassifier()
0.8784454935742718,"{'clf': RandomForestClassifier(), 'clf__max_depth': 200, 'clf__max_features': 'log2', 'clf__min_samples_leaf': 5, 'clf__n_estimators': 2000}",RandomForestClassifier()
0.8635532533467826,"{'clf': RandomForestClassifier(), 'clf__max_depth': 200, 'clf__max_features': 'log2', 'clf__min_samples_leaf': 20, 'clf__n_estimators': 100}",RandomForestClassifier()
0.862181421648216,"{'clf': RandomForestClassifier(), 'clf__max_depth': 200, 'clf__max_features': 'log2', 'clf__min_samples_leaf': 20, 'clf__n_estimators': 200}",RandomForestClassifier()
0.8644022094692593,"{'clf': RandomForestClassifier(), 'clf__max_depth': 200, 'clf__max_features': 'log2', 'clf__min_samples_leaf': 20, 'clf__n_estimators': 500}",RandomForestClassifier()
0.8638144351745884,"{'clf': RandomForestClassifier(), 'clf__max_depth': 200, 'clf__max_features': 'log2', 'clf__min_samples_leaf': 20, 'clf__n_estimators': 1000}",RandomForestClassifier()
0.8636838186646617,"{'clf': RandomForestClassifier(), 'clf__max_depth': 200, 'clf__max_features': 'log2', 'clf__min_samples_leaf': 20, 'clf__n_estimators': 2000}",RandomForestClassifier()
0.878119105875598,"{'clf': RandomForestClassifier(), 'clf__max_depth': 500, 'clf__max_features': 'sqrt', 'clf__min_samples_leaf': 1, 'clf__n_estimators': 100}",RandomForestClassifier()
0.8823644240044836,"{'clf': RandomForestClassifier(), 'clf__max_depth': 500, 'clf__max_features': 'sqrt', 'clf__min_samples_leaf': 1, 'clf__n_estimators': 200}",RandomForestClassifier()
0.8851730885042932,"{'clf': RandomForestClassifier(), 'clf__max_depth': 500, 'clf__max_features': 'sqrt', 'clf__min_samples_leaf': 1, 'clf__n_estimators': 500}",RandomForestClassifier()
0.8858916968750941,"{'clf': RandomForestClassifier(), 'clf__max_depth': 500, 'clf__max_features': 'sqrt', 'clf__min_samples_leaf': 1, 'clf__n_estimators': 1000}",RandomForestClassifier()
0.8858263886201305,"{'clf': RandomForestClassifier(), 'clf__max_depth': 500, 'clf__max_features': 'sqrt', 'clf__min_samples_leaf': 1, 'clf__n_estimators': 2000}",RandomForestClassifier()
0.8774004975047971,"{'clf': RandomForestClassifier(), 'clf__max_depth': 500, 'clf__max_features': 'sqrt', 'clf__min_samples_leaf': 5, 'clf__n_estimators': 100}",RandomForestClassifier()
0.8787068033821971,"{'clf': RandomForestClassifier(), 'clf__max_depth': 500, 'clf__max_features': 'sqrt', 'clf__min_samples_leaf': 5, 'clf__n_estimators': 200}",RandomForestClassifier()
0.8807969235012658,"{'clf': RandomForestClassifier(), 'clf__max_depth': 500, 'clf__max_features': 'sqrt', 'clf__min_samples_leaf': 5, 'clf__n_estimators': 500}",RandomForestClassifier()
0.8819072918157635,"{'clf': RandomForestClassifier(), 'clf__max_depth': 500, 'clf__max_features': 'sqrt', 'clf__min_samples_leaf': 5, 'clf__n_estimators': 1000}",RandomForestClassifier()
0.8827565038984792,"{'clf': RandomForestClassifier(), 'clf__max_depth': 500, 'clf__max_features': 'sqrt', 'clf__min_samples_leaf': 5, 'clf__n_estimators': 2000}",RandomForestClassifier()
0.8651861772870714,"{'clf': RandomForestClassifier(), 'clf__max_depth': 500, 'clf__max_features': 'sqrt', 'clf__min_samples_leaf': 20, 'clf__n_estimators': 100}",RandomForestClassifier()
0.8674719662107914,"{'clf': RandomForestClassifier(), 'clf__max_depth': 500, 'clf__max_features': 'sqrt', 'clf__min_samples_leaf': 20, 'clf__n_estimators': 200}",RandomForestClassifier()
0.8683214854457937,"{'clf': RandomForestClassifier(), 'clf__max_depth': 500, 'clf__max_features': 'sqrt', 'clf__min_samples_leaf': 20, 'clf__n_estimators': 500}",RandomForestClassifier()
0.8684518331974697,"{'clf': RandomForestClassifier(), 'clf__max_depth': 500, 'clf__max_features': 'sqrt', 'clf__min_samples_leaf': 20, 'clf__n_estimators': 1000}",RandomForestClassifier()
0.8681907281577353,"{'clf': RandomForestClassifier(), 'clf__max_depth': 500, 'clf__max_features': 'sqrt', 'clf__min_samples_leaf': 20, 'clf__n_estimators': 2000}",RandomForestClassifier()
0.8772697018227031,"{'clf': RandomForestClassifier(), 'clf__max_depth': 500, 'clf__max_features': 'log2', 'clf__min_samples_leaf': 1, 'clf__n_estimators': 100}",RandomForestClassifier()
0.881254247660165,"{'clf': RandomForestClassifier(), 'clf__max_depth': 500, 'clf__max_features': 'log2', 'clf__min_samples_leaf': 1, 'clf__n_estimators': 200}",RandomForestClassifier()
0.8817766241137889,"{'clf': RandomForestClassifier(), 'clf__max_depth': 500, 'clf__max_features': 'log2', 'clf__min_samples_leaf': 1, 'clf__n_estimators': 500}",RandomForestClassifier()
0.8830176985242971,"{'clf': RandomForestClassifier(), 'clf__max_depth': 500, 'clf__max_features': 'log2', 'clf__min_samples_leaf': 1, 'clf__n_estimators': 1000}",RandomForestClassifier()
0.8839321292758925,"{'clf': RandomForestClassifier(), 'clf__max_depth': 500, 'clf__max_features': 'log2', 'clf__min_samples_leaf': 1, 'clf__n_estimators': 2000}",RandomForestClassifier()
0.8752449155546218,"{'clf': RandomForestClassifier(), 'clf__max_depth': 500, 'clf__max_features': 'log2', 'clf__min_samples_leaf': 5, 'clf__n_estimators': 100}",RandomForestClassifier()
0.876747389359139,"{'clf': RandomForestClassifier(), 'clf__max_depth': 500, 'clf__max_features': 'log2', 'clf__min_samples_leaf': 5, 'clf__n_estimators': 200}",RandomForestClassifier()
0.8780535544584076,"{'clf': RandomForestClassifier(), 'clf__max_depth': 500, 'clf__max_features': 'log2', 'clf__min_samples_leaf': 5, 'clf__n_estimators': 500}",RandomForestClassifier()
0.8789028049351592,"{'clf': RandomForestClassifier(), 'clf__max_depth': 500, 'clf__max_features': 'log2', 'clf__min_samples_leaf': 5, 'clf__n_estimators': 1000}",RandomForestClassifier()
0.8783801085312367,"{'clf': RandomForestClassifier(), 'clf__max_depth': 500, 'clf__max_features': 'log2', 'clf__min_samples_leaf': 5, 'clf__n_estimators': 2000}",RandomForestClassifier()
0.862050843532325,"{'clf': RandomForestClassifier(), 'clf__max_depth': 500, 'clf__max_features': 'log2', 'clf__min_samples_leaf': 20, 'clf__n_estimators': 100}",RandomForestClassifier()
0.8612670676846922,"{'clf': RandomForestClassifier(), 'clf__max_depth': 500, 'clf__max_features': 'log2', 'clf__min_samples_leaf': 20, 'clf__n_estimators': 200}",RandomForestClassifier()
0.8636837802706258,"{'clf': RandomForestClassifier(), 'clf__max_depth': 500, 'clf__max_features': 'log2', 'clf__min_samples_leaf': 20, 'clf__n_estimators': 500}",RandomForestClassifier()
0.8638797690255756,"{'clf': RandomForestClassifier(), 'clf__max_depth': 500, 'clf__max_features': 'log2', 'clf__min_samples_leaf': 20, 'clf__n_estimators': 1000}",RandomForestClassifier()
0.8639451668666229,"{'clf': RandomForestClassifier(), 'clf__max_depth': 500, 'clf__max_features': 'log2', 'clf__min_samples_leaf': 20, 'clf__n_estimators': 2000}",RandomForestClassifier()
